iso,name,aliases
AD,Andorra la Vella,
AE,Abu Dhabi,
AF,Kabul,
AG,St. John's,Saint John's
AI,The Valley,
AL,Tirana,
AM,Yerevan,
AO,Luanda,
AR,Buenos Aires,
AS,Pago Pago,
AT,Vienna,Wien
AU,Canberra,
AW,Oranjestad,
AX,Mariehamn,
AZ,Baku,
BA,Sarajevo,
BB,Bridgetown,
BD,Dhaka,Dacca
BE,Brussels,Bruxelles|Brussel
BF,Ouagadougou,
BG,Sofia,
BH,Manama,
BI,Gitega,Bujumbura
BJ,Porto-Novo,Cotonou
BL,Gustavia,
BM,Hamilton,
BN,Bandar Seri Begawan,
BO,Sucre,La Paz
BQ,Kralendijk,
BR,Brasília,Brasilia
BS,Nassau,
BT,Thimphu,
BW,Gaborone,
BY,Minsk,
BZ,Belmopan,
CA,Ottawa,
CC,West Island,
CD,Kinshasa,
CF,Bangui,
CG,Brazzaville,
CH,Bern,Berne
CI,Yamoussoukro,Abidjan
CK,Avarua,
CL,Santiago,Santiago de Chile
CM,Yaoundé,Yaounde
CN,Beijing,Peking
CO,Bogotá,Bogota
CR,San José,San Jose
CU,Havana,La Habana
CV,Praia,
CW,Willemstad,
CX,Flying Fish Cove,
CY,Nicosia,Lefkosia
CZ,Prague,Praha
DE,Berlin,
DJ,Djibouti,
DK,Copenhagen,København|Kobenhavn
DM,Roseau,
DO,Santo Domingo,
DZ,Algiers,Alger
EC,Quito,
EE,Tallinn,
EG,Cairo,Al Qahirah
EH,Laayoune,El Aaiún|El Aaiun
ER,Asmara,
ES,Madrid,
ET,Addis Ababa,
FI,Helsinki,
FJ,Suva,
FK,Stanley,
FM,Palikir,
FO,Tórshavn,Torshavn
FR,Paris,
GA,Libreville,
GB,London,
GD,St. George's,Saint George's
GE,Tbilisi,
GF,Cayenne,
GG,Saint Peter Port,St. Peter Port
GH,Accra,
GI,Gibraltar,
GL,Nuuk,Godthab
GM,Banjul,
GN,Conakry,
GP,Basse-Terre,
GQ,Malabo,
GR,Athens,Athina
GS,King Edward Point,
GT,Guatemala City,
GU,Hagåtña,Hagatna|Agana
GW,Bissau,
GY,Georgetown,
HK,Hong Kong,
HN,Tegucigalpa,
HR,Zagreb,
HT,Port-au-Prince,
HU,Budapest,
ID,Jakarta,
IE,Dublin,
IL,Jerusalem,Yerushalayim|Al-Quds
IM,Douglas,
IN,New Delhi,Delhi
IO,Diego Garcia,
IQ,Baghdad,
IR,Tehran,Teheran
IS,Reykjavík,Reykjavik
IT,Rome,Roma
JE,Saint Helier,
JM,Kingston,
JO,Amman,
JP,Tokyo,
KE,Nairobi,
KG,Bishkek,
KH,Phnom Penh,
KI,South Tarawa,Tarawa
KM,Moroni,
KN,Basseterre,
KP,Pyongyang,
KR,Seoul,
KW,Kuwait City,
KY,George Town,
KZ,Astana,Nur-Sultan|Akmola
LA,Vientiane,
LB,Beirut,
LC,Castries,
LI,Vaduz,
LK,Sri Jayawardenepura Kotte,Colombo|Kotte
LR,Monrovia,
LS,Maseru,
LT,Vilnius,
LU,Luxembourg,
LV,Riga,
LY,Tripoli,
MA,Rabat,
MC,Monaco,
MD,Chișinău,Chisinau
ME,Podgorica,
MF,Marigot,
MG,Antananarivo,
MH,Majuro,
MK,Skopje,
ML,Bamako,
MM,Naypyidaw,Nay Pyi Taw|Rangoon|Yangon
MN,Ulaanbaatar,Ulan Bator
MO,Macau,Macao
MP,Saipan,
MQ,Fort-de-France,
MR,Nouakchott,
MS,Plymouth,Brades
MT,Valletta,
MU,Port Louis,
MV,Malé,Male
MW,Lilongwe,
MX,Mexico City,Ciudad de México|CDMX
MY,Kuala Lumpur,Putrajaya
MZ,Maputo,
NA,Windhoek,
NC,Nouméa,Noumea
NE,Niamey,
NF,Kingston,
NG,Abuja,Lagos
NI,Managua,
NL,Amsterdam,The Hague|Den Haag|'s-Gravenhage
NO,Oslo,
NP,Kathmandu,
NR,Yaren,
NU,Alofi,
NZ,Wellington,
OM,Muscat,
PA,Panama City,
PE,Lima,
PF,Papeete,
PG,Port Moresby,
PH,Manila,
PK,Islamabad,
PL,Warsaw,Warszawa
PM,Saint-Pierre,
PN,Adamstown,
PR,San Juan,
PS,Ramallah,East Jerusalem
PT,Lisbon,Lisboa
PW,Ngerulmud,Melekeok
PY,Asunción,Asuncion
QA,Doha,
RE,Saint-Denis,
RO,Bucharest,București
RS,Belgrade,Beograd
RU,Moscow,Moskva
RW,Kigali,
SA,Riyadh,
SB,Honiara,
SC,Victoria,
SD,Khartoum,
SE,Stockholm,
SG,Singapore,
SH,Jamestown,
SI,Ljubljana,
SJ,Longyearbyen,
SK,Bratislava,
SL,Freetown,
SM,San Marino,
SN,Dakar,
SO,Mogadishu,
SR,Paramaribo,
SS,Juba,
ST,São Tomé,Sao Tome
SV,San Salvador,
SX,Philipsburg,
SY,Damascus,
SZ,Mbabane,Lobamba
TC,Cockburn Town,
TD,N'Djamena,Ndjamena
TF,Port-aux-Français,Port-aux-Francais
TG,Lomé,Lome
TH,Bangkok,
TJ,Dushanbe,
TK,Nukunonu,
TL,Dili,
TM,Ashgabat,Ashkhabad
TN,Tunis,
TO,Nuku'alofa,Nukualofa
TR,Ankara,
TT,Port of Spain,
TV,Funafuti,
TW,Taipei,
TZ,Dodoma,Dar es Salaam
UA,Kyiv,Kiev
UG,Kampala,
US,Washington,Washington DC|Washington D.C.|D.C.|DC
UY,Montevideo,
UZ,Tashkent,
VA,Vatican City,the Vatican
VC,Kingstown,
VE,Caracas,
VG,Road Town,
VI,Charlotte Amalie,
VN,Hanoi,Ha Noi
VU,Port Vila,
WF,Mata-Utu,
WS,Apia,
XK,Pristina,Prishtina
YE,Sanaa,Sana'a
YT,Mamoudzou,
ZA,Pretoria,Cape Town|Bloemfontein|Tshwane
ZM,Lusaka,
ZW,Harare,
